,model,window_size,runtime,precision,recall,f1-score
0,Hydra,1666,39.226348703727126,0.9537037037037037,0.911504424778761,0.9321266968325792
1,Rocket,1666,8.667764764279127,0.9203539823008849,0.9203539823008849,0.9203539823008849
2,MultiRocketHydra,1666,49.292490316554904,0.9541284403669725,0.9203539823008849,0.9369369369369369
3,FCN,1666,321.51263950765133,0.38848920863309355,0.9557522123893806,0.5524296675191815
4,Catch22,1666,85.19170865416527,0.918918918918919,0.9026548672566371,0.9107142857142857
5,QUANT,1666,25.790563916787505,0.9122807017543859,0.9203539823008849,0.9162995594713657
6,DrCIF,1666,8679.236524350941,0.8983050847457628,0.9380530973451328,0.9177489177489178
