,model,window_size,runtime,precision,recall,f1-score
0,Hydra,1400,325.54939359612763,0.9528301886792453,0.9498432601880877,0.9513343799058085
1,Rocket,1400,288.3736843485385,0.9371069182389937,0.9341692789968652,0.9356357927786499
2,MultiRocketHydra,1400,418.47749701328576,0.9901639344262295,0.9467084639498433,0.967948717948718
3,Catch22,1400,47.81542672030628,0.9831081081081081,0.9122257053291536,0.9463414634146341
4,QUANT,1400,197.56920630671084,0.9900662251655629,0.9373040752351097,0.9629629629629629
5,FCN,1400,2057.630995443091,0.9299363057324841,0.9153605015673981,0.9225908372827805
